"Team","Position","Season","N","TotalGuarSum of Guaranteed Compensation","AvgGuarAverage Guaranteed Compensation","MedGuarMedian Guaranteed Compensation","StdDevGuarStandard Deviation of Guaranteed Compensation"
"SEA","F","2013","10","8431570.83","843157.083","168689.665","1567535.341"
"LAG","F","2013","9","7568125","840902.7778","101000","1531404.1266"
"NYRB","F","2013","8","4940344.96","617543.12","86249.98","1508689.9151"
"NYRB","M","2013","12","4751537.04","395961.42","89587.27","1018931.4007"
"TOR","F","2013","11","2606560.83","236960.0755","65000","476982.2919"
"MTL","F","2013","5","2382841.25","476568.25","148000","817997.532"
"CHI","M","2013","12","2319170.67","193264.2225","116537.5","208004.1769"
"DCU","M","2013","15","2259258.08","150617.2053","96440.63","163291.0476"
"PHI","M","2013","17","2099770.33","123515.9018","82891.5","109221.7138"
"FCD","M","2013","12","2073747.5","172812.2917","101375","198140.9137"
"VAN","F","2013","9","2046506.34","227389.5933","84500","344149.88"
"SJE","M","2013","15","1949094.24","129939.616","91250","136818.1694"
"CHI","F","2013","11","1849558.33","168141.6664","125000","140644.8795"
"HOU","M","2013","12","1835478.83","152956.5692","133679.165","106627.8861"
"RSL","M","2013","13","1793166.66","137935.8969","81958.33","105373.0254"
"VAN","D","2013","12","1746787.04","145565.5867","116250","106788.2571"
"POR","M","2013","11","1676041.33","152367.3936","144704","112382.7761"
"MTL","M","2013","14","1569933","112138.0714","82125","82794.5136"
"MTL","D","2013","10","1547725","154772.5","139312.5","95874.9848"
"CLB","M","2013","10","1532125","153212.5","86750","173537.4004"
"TOR","D","2013","11","1524888.18","138626.1982","89999.98","130368.1707"
"NER","M","2013","10","1509378.33","150937.833","106660","126463.4926"
"CHI","D","2013","9","1454628.33","161625.37","131245","128977.9604"
"COL","M","2013","14","1450407.62","103600.5443","77000","59724.287"
"NYRB","D","2013","8","1449699.17","181212.3962","179249.98","108231.937"
"SKC","M","2013","12","1444150.71","120345.8925","78731.605","96393.101"
"SKC","F","2013","8","1414583.33","176822.9163","152416.665","119009.3573"
"TOR","M","2013","12","1310559.17","109213.2642","102698","59272.2026"
"COL","F","2013","6","1201937.5","200322.9167","183093.75","63973.3882"
"DCU","D","2013","10","1189498.16","118949.816","95500","78670.0954"
"CLB","D","2013","9","1180979.67","131219.9633","80666.67","115494.8868"
"FCD","D","2013","10","1179836.67","117983.667","77250","85608.7185"
"LAG","D","2013","9","1104258.33","122695.37","95000","92292.0943"
"LAG","M","2013","10","1094755","109475.5","64187.5","86198.4083"
"PHI","D","2013","6","1091500","181916.6667","149500","132999.7807"
"FCD","F","2013","6","1077901","179650.1667","164263","145220.0031"
"SJE","D","2013","10","1074971.54","107497.154","65040.105","99406.9061"
"CHV","D","2013","10","1040149.16","104014.916","94166.665","63933.9984"
"SEA","M","2013","11","1033458.33","93950.7573","48400","71786.7612"
"NER","F","2013","9","1006042.71","111782.5233","110709.17","58842.5763"
"HOU","F","2013","8","1001744.67","125218.0838","109703.335","60724.3895"
"CHV","M","2013","13","998945","76841.9231","54000","42174.4165"
"CHV","F","2013","11","973576.3","88506.9364","70966.67","49250.9783"
"RSL","F","2013","7","968688.76","138384.1086","60000","151435.6731"
"POR","F","2013","8","925917.6","115739.7","79990.03","73375.3866"
"NER","D","2013","9","922376.42","102486.2689","83932.29","53158.2493"
"POR","D","2013","11","911941.63","82903.7845","68999.96","55816.6784"
"COL","D","2013","9","909776.2","101086.2444","50000","95908.5173"
"SKC","D","2013","10","887916.67","88791.667","46875","76313.8396"
"SEA","D","2013","9","843750","93750","75000","56544.4723"
"RSL","D","2013","8","830319.08","103789.885","85120","71258.7938"
"VAN","M","2013","7","764204.97","109172.1386","79251.98","70499.4354"
"CLB","F","2013","8","753385","94173.125","77250","57431.2062"
"DCU","F","2013","6","740900","123483.3333","83325","99184.754"
"HOU","D","2013","6","737250","122875","133062.5","71634.2272"
"PHI","F","2013","7","651691.67","93098.81","48400","65875.8964"
"SJE","F","2013","5","543791.67","108758.334","48000","90197.2403"
"FCD","GK","2013","5","461250","92250","63500","84344.1147"
"VAN","GK","2013","4","459797.92","114949.48","117378.125","74749.4365"
"SEA","GK","2013","4","438000","109500","53250","117172.9491"
"POR","GK","2013","3","412875.75","137625.25","63263.75","140786.2285"
"RSL","GK","2013","4","387708.33","96927.0825","70875","80290.7921"
"SKC","GK","2013","3","363918.33","121306.11","76835","85610.3773"
"SJE","GK","2013","3","345308.33","115102.7767","122475","65229.8678"
"TOR","GK","2013","4","339500","84875","46500","76750"
"LAG","GK","2013","4","336187.5","84046.875","69843.75","46323.8536"
"HOU","GK","2013","3","332666.67","110888.89","87666.67","78615.8612"
"MTL","GK","2013","3","328458.33","109486.11","46500","119082.08"
"COL","GK","2013","3","318391.66","106130.5533","70333.33","94154.296"
"CHV","GK","2013","3","305666.67","101888.89","65000","80448.4556"
"NER","GK","2013","3","287295.67","95765.2233","84504","66984.5873"
"PHI","GK","2013","3","248000","82666.6667","46500","62642.5042"
"CHI","GK","2013","3","234625","78208.3333","46500","65020.7098"
"NYRB","GK","2013","4","232875","58218.75","60125","18141.9102"
"","M","2013","3","215000","71666.6667","48500","41869.838"
"DCU","GK","2013","3","182750","60916.6667","46500","24970.3991"
"CLB","GK","2013","3","175511.67","58503.89","46500","31165.7424"
"","F","2013","2","106500","53250","53250","9545.9415"
"","GK","2013","2","70250","35125","35125","0"
"","D","2013","1","46500","46500","46500",""
"LAG","F","2014","12","10015000","834583.3333","70500","1732813.4229"
"SEA","F","2014","10","9363879.14","936387.914","77500","2089937.7732"
"TOR","F","2014","9","8224525","913836.1111","128333.33","2008319.6629"
"ORL","M","2014","4","7375337.5","1843834.375","75918.75","3549124.7556"
"TOR","M","2014","9","7255511.68","806167.9644","110000","2135814.832"
"NYRB","F","2014","6","5164015.87","860669.3117","150091.27","1713061.9137"
"NYRB","M","2014","11","4690900","426445.4545","128750","1063237.0292"
"NER","M","2014","11","4544565.67","413142.3336","135000","944780.5068"
"MTL","F","2014","5","3195670.67","639134.134","205000","1101252.6238"
"VAN","M","2014","12","2986329","248860.75","95300","386113.2505"
"SJE","M","2014","15","2532499.35","168833.29","140000","155339.2065"
"PHI","M","2014","15","2417088","161139.2","90891.5","160874.4894"
"MTL","M","2014","18","2201143.04","122285.7244","97450","92530.1105"
"LAG","D","2014","10","2024048","202404.8","72299","370477.5332"
"POR","D","2014","10","1990911.04","199091.104","71254","357357.8307"
"VAN","D","2014","11","1869925.17","169993.1973","161000","122247.938"
"FCD","M","2014","13","1822987.33","140229.7946","126875","99896.7774"
"POR","F","2014","9","1792731.71","199192.4122","142000","166406.6652"
"HOU","M","2014","10","1737094.16","173709.416","147291.665","113288.1661"
"CHV","M","2014","12","1627904.04","135658.67","111575","109323.3702"
"FCD","F","2014","8","1624258","203032.25","70918.665","223211.6826"
"VAN","F","2014","7","1620518.67","231502.6671","99500","318077.4009"
"CHV","D","2014","11","1610674.66","146424.9691","120333.33","133871.7341"
"POR","M","2014","11","1609000","146272.7273","120000","136634.5182"
"DCU","D","2014","13","1586056.94","122004.38","97298.33","75688.1722"
"HOU","D","2014","8","1583045.67","197880.7087","115562.5","241745.8806"
"SKC","D","2014","9","1571825","174647.2222","103750","191490.6976"
"CLB","D","2014","9","1523783.34","169309.26","141666.67","113097.2403"
"CHI","F","2014","11","1513575","137597.7273","81000","121972.4203"
"MTL","D","2014","10","1511179","151117.9","110000","105821.5229"
"SKC","M","2014","13","1472678.5","113282.9615","90000","89594.0476"
"RSL","M","2014","9","1458608.33","162067.5922","90000","134674.2675"
"CLB","M","2014","10","1457531.6","145753.16","63442.965","215381.9025"
"NER","F","2014","10","1438935.83","143893.583","129787.5","82994.139"
"NYRB","D","2014","10","1423558.54","142355.854","102504","114646.4505"
"TOR","D","2014","11","1358629.17","123511.7427","92000","93478.1316"
"CHI","D","2014","9","1336658.33","148517.5922","150000","115352.0682"
"SKC","F","2014","7","1317917.93","188273.99","112000","202624.386"
"RSL","F","2014","8","1281438.76","160179.845","98500","140331.0937"
"COL","M","2014","12","1246712.33","103892.6942","80375","70729.3095"
"NER","D","2014","8","1236618.22","154577.2775","123333.33","140282.8791"
"COL","D","2014","11","1225985.99","111453.2718","80144.1","82803.0604"
"COL","F","2014","6","1222241.67","203706.945","216875","104959.6172"
"DCU","M","2014","9","1205218.01","133913.1122","106440.63","105383.5259"
"DCU","F","2014","7","1174908.33","167844.0471","51500","208544.4987"
"SEA","M","2014","9","1129533","125503.6667","75000","130490.0004"
"SEA","D","2014","11","1125438.21","102312.5645","68500","75648.6731"
"SJE","D","2014","8","1097233.52","137154.19","111118.595","98438.4491"
"CHI","M","2014","10","1038407.08","103840.708","84832.495","48608.3199"
"RSL","D","2014","9","997425.42","110825.0467","56666.67","77067.2956"
"CHV","F","2014","12","979424.33","81618.6942","66250","41779.1335"
"LAG","M","2014","7","968850","138407.1429","90000","107542.8139"
"FCD","D","2014","8","936416.67","117052.0837","96937.5","94256.8297"
"HOU","F","2014","6","914571","152428.5","146750","96404.5181"
"PHI","D","2014","7","908310.96","129758.7086","100500","98910.6813"
"CLB","F","2014","8","773420.17","96677.5213","72248.75","69382.0831"
"PHI","F","2014","6","678029","113004.8333","92475","70888.1027"
"SJE","F","2014","5","611566.67","122313.334","50400","101807.7405"
"PHI","GK","2014","4","521500","130375","116500","79855.4684"
"FCD","GK","2014","4","473000","118250","88500","89228.6389"
"TOR","GK","2014","4","445879","111469.75","103687.5","76928.3476"
"CHI","GK","2014","3","379816.67","126605.5567","78316.67","110471.3761"
"POR","GK","2014","3","377993.48","125997.8267","69493.44","116523.0344"
"VAN","GK","2014","3","374660.25","124886.75","72000","123623.603"
"MTL","GK","2014","3","369158.33","123052.7767","48825","128847.8412"
"SJE","GK","2014","3","363368.33","121122.7767","130285","68502.7585"
"HOU","GK","2014","3","347670.67","115890.2233","97666.67","89894.2124"
"CHV","GK","2014","3","324920.67","108306.89","75000","93040.5014"
"RSL","GK","2014","3","321158.33","107052.7767","48825","111697.3571"
"NYC","M","2014","2","299000","149500","149500","43133.5137"
"SKC","GK","2014","3","282083.33","94027.7767","85000","22838.2509"
"SEA","GK","2014","3","265239.94","88413.3133","65000","53843.8002"
"NER","GK","2014","4","253704","63426","58602","32072.0653"
"LAG","GK","2014","3","250512.5","83504.1667","63125","48215.0138"
"CLB","GK","2014","3","235658.33","78552.7767","48825","51771.7329"
"NYRB","GK","2014","3","231000","77000","69500","44724.1545"
"DCU","GK","2014","3","212400","70800","48825","38061.8165"
"COL","GK","2014","3","176193.83","58731.2767","52693.83","25785.666"
"","GK","2014","2","111504","55752","55752","27220.7826"
"","M","2014","1","70000","70000","70000",""
"NYC","F","2014","1","60000","60000","60000",""
"NYC","D","2014","1","56666.67","56666.67","56666.67",""
"","D","2014","1","52313","52313","52313",""
"NYC","GK","2014","1","48504","48504","48504",""
"ORL","D","2014","1","44000","44000","44000",""
"TOR","M","2015","10","14535925.64","1453592.564","120549.84","2826316.4956"
"LAG","M","2015","10","13127383.04","1312738.304","112750.02","2497665.3224"
"NYC","M","2015","13","10176409.18","782800.7062","129125","1686250.5724"
"SEA","F","2015","8","9403357.75","1175419.7188","201333.125","1721730.3651"
"ORL","M","2015","16","9267178.11","579198.6319","103918.75","1761058.0295"
"TOR","F","2015","8","6962488","870311","245500","1610991.9762"
"NYC","F","2015","5","6224375","1244875","110000","2442384.2251"
"LAG","F","2015","8","5376316.67","672039.5837","140625","1548092.3615"
"NER","M","2015","10","4089166.67","408916.667","118875","930794.3341"
"CHI","F","2015","8","3829346.17","478668.2712","341625","400699.4588"
"MTL","F","2015","9","3470126.34","385569.5933","135000","675921.051"
"VAN","M","2015","11","2793750","253977.2727","80000","396026.6187"
"PHI","M","2015","13","2789378.13","214567.5485","112233.33","240353.265"
"SKC","M","2015","12","2624587.54","218715.6283","159375","194061.1942"
"POR","F","2015","9","2529325.37","281036.1522","150000","270474.8422"
"CHI","M","2015","10","2478855.83","247885.583","96261.245","472889.1927"
"LAG","D","2015","8","2333875","291734.375","140000","471696.8346"
"SJE","M","2015","13","2292507.07","176346.6977","145000","164182.5769"
"CLB","M","2015","10","2277952.77","227795.277","114718.75","337282.6398"
"NYRB","M","2015","12","2001958","166829.8333","125352","136409.8099"
"COL","F","2015","7","1983670.67","283381.5243","72500","404248.1048"
"POR","D","2015","9","1956200.04","217355.56","75000","355243.7524"
"SEA","M","2015","10","1951575.33","195157.533","146562.5","215757.1909"
"RSL","M","2015","10","1935800.67","193580.067","86875","204571.1462"
"HOU","D","2015","8","1899416.66","237427.0825","147250","255671.7454"
"COL","M","2015","12","1879998","156666.5","116500","109560.4803"
"CLB","D","2015","10","1832147.93","183214.793","124833.335","170163.4775"
"FCD","M","2015","12","1813566.59","151130.5492","145750","105913.1065"
"PHI","D","2015","10","1805519","180551.9","122000","130764.8387"
"SJE","F","2015","7","1799083.33","257011.9043","60000","461396.7333"
"RSL","F","2015","6","1781833.34","296972.2233","140000","404603.5441"
"HOU","M","2015","11","1775375","161397.7273","135500","131491.3592"
"MTL","M","2015","11","1670535.59","151866.8718","132500","102336.9367"
"TOR","D","2015","10","1662911.39","166291.139","122000","110332.6126"
"VAN","F","2015","7","1633115","233302.1429","112000","297989.5003"
"SKC","D","2015","9","1588400","176488.8889","121250","198110.3414"
"SEA","D","2015","11","1581847.72","143804.3382","68166.67","143774.2917"
"SKC","F","2015","4","1581227.27","395306.8175","384375","250860.3795"
"DCU","M","2015","9","1505584","167287.1111","120000","123502.4802"
"ORL","D","2015","9","1492818","165868.6667","108000","157876.2011"
"POR","M","2015","8","1447783","180972.875","126766.5","166621.4155"
"CLB","F","2015","8","1436688.34","179586.0425","105427.5","172408.5516"
"VAN","D","2015","10","1391659.71","139165.971","157875","58522.399"
"NYC","D","2015","9","1258070.67","139785.63","125000","64397.0145"
"RSL","D","2015","9","1224202.84","136022.5378","122136.67","82389.7314"
"MTL","D","2015","7","1203291.67","171898.81","100000","136467.6996"
"HOU","F","2015","6","1184250","197375","167750","143682.2667"
"DCU","F","2015","6","1182583.33","197097.2217","170000","159053.1032"
"NER","D","2015","7","1181208.33","168744.0471","113333.33","145276.0392"
"PHI","F","2015","7","1174754","167822","150500","97459.4332"
"DCU","D","2015","9","1146096.5","127344.0556","96000","80734.0616"
"FCD","F","2015","6","1113500","185583.3333","123750","136188.0236"
"NYRB","F","2015","5","1104895.71","220979.142","94895.71","256975.8207"
"COL","D","2015","9","1036738.04","115193.1156","99996","67023.6169"
"NER","F","2015","5","952459.53","190491.906","152200","151190.607"
"SJE","D","2015","5","943165.32","188633.064","200625","112750.0225"
"CHI","D","2015","7","853411.53","121915.9329","75078.2","93627.4093"
"NYRB","D","2015","8","821391.01","102673.8763","62445.505","91456.2302"
"ORL","F","2015","6","789000","131500","116250","86789.4003"
"FCD","D","2015","6","738850","123141.6667","106062.5","68773.0991"
"LAG","GK","2015","5","608125.04","121625.008","60000","93628.6638"
"PHI","GK","2015","4","599250","149812.5","94625","136434.26"
"ORL","GK","2015","4","598500","149625","144250","110093.4262"
"DCU","GK","2015","3","515500","171833.3333","60000","202423.0306"
"RSL","GK","2015","3","495083.33","165027.7767","65083.33","177529.3478"
"VAN","GK","2015","3","442570","147523.3333","80000","134646.2091"
"FCD","GK","2015","3","432375","144125","130000","82721.9552"
"CHI","GK","2015","3","403000","134333.3333","90000","103857.2739"
"POR","GK","2015","3","392600","130866.6667","72600","112010.0591"
"TOR","GK","2015","4","363575","90893.75","73100","45122.9264"
"SEA","GK","2015","3","351662.5","117220.8333","136662.5","59914.3873"
"CLB","GK","2015","3","308333.33","102777.7767","60000","74093.2826"
"NYRB","GK","2015","3","301691.67","100563.89","90316.67","46541.3987"
"MTL","GK","2015","3","292000","97333.3333","100000","36073.998"
"COL","GK","2015","3","287000","95666.6667","97000","35019.0424"
"HOU","GK","2015","3","262666.67","87555.5567","90000","26418.2893"
"SJE","GK","2015","3","247750","82583.3333","60000","48036.6613"
"NER","GK","2015","3","243255","81085","82005","30635.3623"
"NYC","GK","2015","3","212913.04","70971.0133","72913","20070.5676"
"SKC","GK","2015","2","176286.66","88143.33","88143.33","5572.0014"
"SJE","","2015","1","50000.04","50000.04","50000.04",""
"","GK","2015","1","50000.04","50000.04","50000.04",""
"NYC","M","2016","10","13294796.92","1329479.692","98331.25","2448646.7017"
"TOR","F","2016","6","12203539","2033923.1667","79991.665","3133968.8013"
"ORL","M","2016","15","9669666.83","644644.4553","99625","1814071.6215"
"LAG","F","2016","11","9277999.96","843454.5418","100000","1515900.8803"
"TOR","M","2016","9","7744570.67","860507.8522","159333.33","2117263.8852"
"LAG","M","2016","8","7626500","953312.5","201750","2096729.459"
"SEA","F","2016","8","6562703.58","820337.9475","67375","1603742.3333"
"NYC","F","2016","5","6129901","1225980.2","126250","2451185.2446"
"PHI","M","2016","17","5281153.5","310656.0882","128000","321413.1169"
"SEA","M","2016","10","3898053.52","389805.352","189750","544427.6476"
"VAN","M","2016","13","3626635.04","278971.9262","88000","403102.2293"
"CHI","F","2016","6","3559666.67","593277.7783","642575","423921.4306"
"SKC","M","2016","13","3500262.69","269250.9762","200000","246852.3352"
"SJE","F","2016","9","3470050","385561.1111","179083.33","432615.6794"
"COL","F","2016","7","3387200.13","483885.7329","85000","647786.3981"
"NYRB","M","2016","11","3058041.67","278003.7882","240000","211477.0871"
"CLB","M","2016","14","3057869.92","218419.28","147500","286730.068"
"POR","D","2016","13","2960769.13","227751.4715","110600","290378.0396"
"MTL","F","2016","7","2896909","413844.1429","97000","787017.1435"
"COL","GK","2016","4","2829504.04","707376.01","101502","1245702.492"
"FCD","M","2016","14","2722247.67","194446.2621","131566.5","192139.1277"
"MTL","M","2016","14","2614858.17","186775.5836","134750","135657.4069"
"SJE","M","2016","13","2586717","198978.2308","155000","190484.8576"
"NER","M","2016","10","2487541.75","248754.175","148500","262257.4462"
"DCU","M","2016","12","2443676.59","203639.7158","200166.665","135865.3753"
"RSL","F","2016","9","2403999.63","267111.07","123500","449766.2919"
"DCU","F","2016","8","2403916.71","300489.5887","212875","285092.9128"
"VAN","F","2016","5","2363941.5","472788.3","370000","335563.0029"
"POR","F","2016","5","2262916.67","452583.334","270000","379207.6896"
"RSL","M","2016","8","2053674.67","256709.3337","135004","264650.5464"
"SKC","D","2016","11","2021733.38","183793.9436","76750","210920.4641"
"HOU","D","2016","11","2018518.41","183501.6736","91343.75","228752.1159"
"HOU","M","2016","14","1996983.73","142641.695","126000","93584.227"
"POR","M","2016","10","1991804","199180.4","136500","195509.8845"
"NER","F","2016","7","1981323.71","283046.2443","113315.63","348449.4716"
"CLB","D","2016","8","1908358.17","238544.7712","215939.5","170354.0878"
"NYC","D","2016","10","1811074.71","181107.471","187502","108278.4891"
"NYRB","D","2016","10","1800416.5","180041.65","102656.25","160829.5465"
"TOR","D","2016","10","1753365.56","175336.556","131625","111887.9331"
"HOU","F","2016","4","1742916.67","435729.1675","450833.335","297173.0955"
"SEA","D","2016","10","1725807.92","172580.792","76789.585","156335.1535"
"COL","M","2016","9","1680826.96","186758.5511","101000","191818.2344"
"ORL","D","2016","10","1451079.33","145107.933","110250","115429.5352"
"MTL","D","2016","8","1447041.67","180880.2087","86687.5","206163.241"
"VAN","D","2016","12","1409509.59","117459.1325","93300","76681.3314"
"LAG","D","2016","7","1381836.04","197405.1486","165000","155819.5337"
"NYRB","F","2016","6","1292249.92","215374.9867","111875","253803.5526"
"NER","D","2016","8","1282333.17","160291.6462","116168.67","139559.7266"
"RSL","D","2016","9","1210732.79","134525.8656","111000","71114.2961"
"CHI","M","2016","11","1197097.33","108827.03","110000","48084.3215"
"CHI","D","2016","8","1191679.33","148959.9163","102291.665","151976.3344"
"DCU","D","2016","9","1164567.17","129396.3522","105000","75869.7925"
"SJE","D","2016","7","1122808.25","160401.1786","103333.33","112103.7116"
"FCD","D","2016","8","1101174.63","137646.8287","145166.665","55269.0994"
"SKC","F","2016","5","1081500","216300","144625","232441.703"
"PHI","D","2016","9","991987.21","110220.8011","80600.04","56651.2115"
"COL","D","2016","10","964256.66","96425.666","85500","42378.2268"
"FCD","F","2016","7","795095.33","113585.0471","87083.33","72425.7987"
"ORL","F","2016","4","753562.5","188390.625","213500","88886.6667"
"DCU","GK","2016","5","739588.63","147917.726","85700","129919.3447"
"PHI","F","2016","3","648543.76","216181.2533","225000","98752.0171"
"CLB","F","2016","3","630000","210000","105000","215159.8243"
"RSL","GK","2016","3","578083.33","192694.4433","95083.33","197504.9293"
"POR","GK","2016","4","548226.63","137056.6575","80861.315","133316.4434"
"VAN","GK","2016","3","504433.33","168144.4433","63000","182548.7019"
"CLB","GK","2016","4","452841.25","113210.3125","81504","85944.3979"
"NYRB","GK","2016","3","406496.15","135498.7167","76496.15","114530.4639"
"CHI","GK","2016","3","402125","134041.6667","76625","103041.5824"
"LAG","GK","2016","3","337900","112633.3333","80000","72210.1332"
"SEA","GK","2016","3","321258","107086","62508","86024.207"
"HOU","GK","2016","3","316000","105333.3333","94500","59988.1933"
"MTL","GK","2016","3","315200","105066.6667","117500","47584.2761"
"PHI","GK","2016","3","306875","102291.6667","88250","31158.4492"
"SJE","GK","2016","3","299750","99916.6667","84000","46944.3376"
"SKC","GK","2016","3","298250","99416.6667","82750","47020.1641"
"NER","GK","2016","3","291980.29","97326.7633","86105.25","52347.4557"
"FCD","GK","2016","3","275383","91794.3333","76875","38951.3594"
"NYC","GK","2016","3","275008","91669.3333","62508","50515.8393"
"ATL","F","2016","2","256099.33","128049.665","128049.665","59691.5998"
"TOR","GK","2016","3","255825","85275","85200","22312.5945"
"ORL","GK","2016","3","251666.67","83888.89","52500","55235.4408"
"ATL","M","2016","3","204520","68173.3333","62508","20109.6993"
"ATL","GK","2016","1","63000","63000","63000",""
"","GK","2016","1","62500","62500","62500",""
"TOR","F","2017","7","12444313.12","1777759.0171","81957.5","2953208.7512"
"ORL","M","2017","13","10643787.47","818752.8823","286666.67","1922260.249"
"NYC","M","2017","11","10012332.91","910212.0827","185000.04","1754182.9589"
"TOR","M","2017","10","8182832.46","818283.246","154368.565","2005506.1222"
"CHI","M","2017","12","7386716.04","615559.67","83500.02","1519732.0603"
"LAG","F","2017","9","6873975","763775","105000","1784626.1585"
"NYC","F","2017","4","5888949.96","1472237.49","112975.02","2758653.9922"
"LAG","M","2017","9","5649571.55","627730.1722","233500","802085.8848"
"POR","M","2017","10","5492349.37","549234.937","172918.665","790883.4733"
"SEA","M","2017","13","5290661.9","406973.9923","144999.96","547742.8618"
"ATL","M","2017","13","4669112","359162.4615","150000","618305.3234"
"PHI","M","2017","14","4594041.97","328145.855","139000","343990.6776"
"SEA","F","2017","5","4579229.17","915845.834","237500","1668215.2387"
"SJE","M","2017","12","4103088.36","341924.03","180496","411706.314"
"VAN","M","2017","16","4007645.78","250477.8613","147500","249493.9242"
"CLB","M","2017","15","3874508.07","258300.538","168375","280180.4515"
"FCD","M","2017","12","3819515.12","318292.9267","176250.02","299240.6435"
"CHI","F","2017","5","3798645.79","759729.158","564212.5","685604.7407"
"SKC","M","2017","8","3551697.6","443962.2","448129","292419.801"
"MIN","M","2017","14","3452319.13","246594.2236","255730","104807.8302"
"RSL","F","2017","7","3315408.38","473629.7686","133500","691973.5019"
"POR","F","2017","4","3235920.67","808980.1675","663333.335","718120.0194"
"MTL","M","2017","14","3231363.96","230811.7114","148125","197316.3218"
"RSL","M","2017","11","3110487.21","282771.5645","178000","294794.464"
"COL","F","2017","5","3066250","613250","180000","714939.6828"
"NYRB","M","2017","12","2848470.42","237372.535","110625","241294.4796"
"CLB","D","2017","10","2718528.88","271852.888","202085.335","257910.2901"
"COL","GK","2017","3","2691150","897050","150000","1367187.755"
"ATL","F","2017","6","2689901.33","448316.8883","346416.665","384719.5072"
"NER","D","2017","8","2666102.33","333262.7913","209633.335","305249.3549"
"DCU","M","2017","12","2648404.23","220700.3525","163035.415","166680.1304"
"NYRB","F","2017","7","2640526.04","377218.0057","188250","565893.3219"
"NER","F","2017","7","2420816.71","345830.9586","260000","307139.5062"
"POR","D","2017","12","2367795.14","197316.2617","137502","175132.0457"
"NER","M","2017","9","2254312.75","250479.1944","125000","275758.5026"
"LAG","D","2017","9","2247216.45","249690.7167","112062.6","245186.5482"
"HOU","M","2017","12","2234101","186175.0833","186875","145228.1629"
"VAN","F","2017","4","2172099.04","543024.76","152625","839140.0232"
"SJE","D","2017","11","2145020.77","195001.8882","140000","132649.5291"
"COL","M","2017","11","2066122.46","187829.3145","144000","134501.9319"
"RSL","D","2017","10","2025705.83","202570.583","154115.665","190058.8411"
"VAN","D","2017","13","2015941.46","155072.42","174437.5","85504.8004"
"SEA","D","2017","9","1991599.34","221288.8156","96166.67","192570.7148"
"ORL","F","2017","5","1975316.5","395063.3","260004","311064.2509"
"MIN","D","2017","11","1974207.71","179473.4282","135000","151746.4381"
"SJE","F","2017","5","1962716.34","392543.268","289420.67","268999.0977"
"MTL","D","2017","9","1952378.92","216930.9911","123333.33","192300.6504"
"ORL","D","2017","11","1927554","175232.1818","128000","154471.0894"
"NYC","D","2017","12","1855583.12","154631.9267","88633.375","115720.9395"
"FCD","D","2017","9","1846912.49","205212.4989","205000","139563.1324"
"SKC","D","2017","12","1844332","153694.3333","112779","194068.3888"
"HOU","D","2017","11","1712978.07","155725.2791","143000","97961.2814"
"ATL","D","2017","10","1708982.93","170898.293","166878","95678.3945"
"NYRB","D","2017","11","1689753.54","153613.9582","95000.04","126691.3692"
"DCU","D","2017","10","1641418.71","164141.871","99583.335","142664.1569"
"TOR","D","2017","10","1637123.94","163712.394","121541.5","89218.4033"
"HOU","F","2017","5","1611254.08","322250.816","215746.08","244262.1026"
"CHI","D","2017","10","1502699.67","150269.967","112387.5","151132.2069"
"DCU","F","2017","8","1430555.46","178819.4325","142064.5","97749.5102"
"SKC","F","2017","9","1383020","153668.8889","65004","200159.443"
"FCD","F","2017","7","1351958.41","193136.9157","102083.33","198638.0011"
"MTL","F","2017","5","1242266.79","248453.358","72500.04","287467.8932"
"PHI","D","2017","11","1197450.83","108859.1664","104100","51121.7379"
"PHI","F","2017","4","1051684.9","262921.225","214333.315","184029.1909"
"COL","D","2017","9","857982.75","95331.4167","86553.75","31715.4394"
"RSL","GK","2017","4","685154","171288.5","81075","199951.8655"
"CLB","F","2017","3","647500.04","215833.3467","92500","231156.5002"
"ATL","GK","2017","4","607020","151755","71004","165598.6473"
"MIN","GK","2017","5","605631","121126.2","80000","85995.8626"
"VAN","GK","2017","4","601499.87","150374.9675","78781.27","152513.8385"
"DCU","GK","2017","4","589879","147469.75","68812.5","165471.6476"
"NYRB","GK","2017","3","588012.08","196004.0267","105008","204307.9018"
"SKC","GK","2017","5","450162.51","90032.502","77004","45206.3106"
"ORL","GK","2017","4","442083.4","110520.85","107500","60496.8237"
"CHI","GK","2017","3","401512.34","133837.4467","81375","116305.9534"
"SEA","GK","2017","3","388033.4","129344.4667","66150","109903.7193"
"TOR","GK","2017","3","366520.7","122173.5667","90200","78221.3735"
"SJE","GK","2017","3","356754","118918","94000","69792.945"
"HOU","GK","2017","3","356312.5","118770.8333","106312.5","60962.3454"
"NYC","GK","2017","3","351266.4","117088.8","65633.4","89130.6418"
"PHI","GK","2017","3","335254","111751.3333","95750","68171.31"
"MTL","GK","2017","3","320833.29","106944.43","104999.96","28882.4675"
"MIN","F","2017","3","310129.04","103376.3467","68504","62910.4346"
"POR","GK","2017","3","273250","91083.3333","105083.33","33364.257"
"FCD","GK","2017","2","262000.08","131000.04","131000.04","31112.6418"
"LAG","GK","2017","3","250629","83543","65625","31574.2149"
"CLB","GK","2017","3","238008","79336","80004","26004.4356"
"NER","GK","2017","2","154985.25","77492.625","77492.625","33117.5229"
"LAFC","M","2017","2","118008","59004","59004","8485.2814"
"LAFC","F","2017","1","99999.96","99999.96","99999.96",""
"","GK","2017","1","53004","53004","53004",""
"TOR","F","2018","8","13182840.02","1647855.0025","171839.335","2782496.5402"
"TOR","M","2018","10","10088325.41","1008832.541","163662.625","2003455.1833"
"LAFC","F","2018","9","9508537.67","1056504.1856","294412.67","2001612.3363"
"CHI","M","2018","11","9091972.4","826542.9455","124890","1792438.2966"
"LAG","F","2018","7","8870264.96","1267180.7086","174999.96","2157265.7209"
"MTL","M","2018","13","7531876.98","579375.1523","129234.37","1269423.3921"
"NYC","F","2018","4","6902666.71","1725666.6775","583583.355","2605503.3455"
"SEA","M","2018","10","5988333.75","598833.375","279250.02","723652.4185"
"POR","M","2018","10","5479434.67","547943.467","220001.98","753567.7785"
"ATL","M","2018","11","5363154.28","487559.48","179250","723386.0872"
"CHI","F","2018","8","5289137.57","661142.1963","254156.25","840921.6517"
"SKC","M","2018","7","5199090.88","742727.2686","680004","588438.9929"
"FCD","M","2018","13","5151667.4","396282.1077","328127.24","291077.5498"
"NYC","M","2018","10","4940508.19","494050.819","280625.04","569866.3467"
"LAG","M","2018","7","4678392.51","668341.7871","240996","869141.1921"
"ORL","M","2018","12","4449232.84","370769.4033","296250","313648.1316"
"SEA","F","2018","7","4445320.75","635045.8214","234500","826040.923"
"","F","2018","5","4354859.75","870971.95","367291.71","922559.7346"
"PHI","M","2018","10","4350921.77","435092.177","114450","586949.6523"
"DCU","F","2018","6","4236869.64","706144.94","333331.335","1038230.6337"
"POR","F","2018","8","4037416.62","504677.0775","198375","641765.8833"
"MIN","M","2018","15","4008502.91","267233.5273","251004","140408.4128"
"CLB","M","2018","11","3981897.82","361990.7109","181258","345535.5352"
"SKC","D","2018","13","3968127.05","305240.5423","157666.67","330146.0081"
"NER","D","2018","11","3949104.47","359009.4973","165833.33","420458.5749"
"NYRB","M","2018","12","3934637.61","327886.4675","203854.17","308940.674"
"COL","F","2018","8","3855906.37","481988.2963","184375.04","573561.2086"
"MTL","D","2018","10","3735481.05","373548.105","255835.335","361477.3625"
"RSL","M","2018","11","3705286.83","336844.2573","201000","339494.8091"
"LAG","D","2018","11","3628850.75","329895.5227","132066.6","325485.2629"
"SJE","M","2018","12","3535397.86","294616.4883","147121.25","397929.0052"
"ATL","F","2018","9","3336226","370691.7778","120000","464164.5391"
"MIN","F","2018","5","3312437.5","662487.5","641250.04","599464.0543"
"POR","D","2018","11","3248333.37","295303.0336","150000","273568.1788"
"DCU","M","2018","9","3246255.99","360695.11","247500","306316.2442"
"LAFC","M","2018","10","3230574.25","323057.425","83750.02","377706.0552"
"SEA","D","2018","10","3198810.42","319881.042","268645.835","260642.6663"
"VAN","D","2018","12","3125515.76","260459.6467","159368.855","247512.1453"
"TOR","D","2018","11","3110195.57","282745.0518","263558.45","235291.4361"
"COL","M","2018","13","3103524.66","238732.6662","144996","219996.4826"
"FCD","D","2018","12","3006254.04","250521.17","168750","227760.2882"
"ORL","D","2018","11","2860674.62","260061.3291","125004","262180.4118"
"RSL","F","2018","7","2846524.98","406646.4257","237583.33","395728.026"
"PHI","F","2018","7","2785739.79","397962.8271","148666.67","439657.2685"
"COL","GK","2018","3","2752658.51","917552.8367","170000","1349148.9411"
"VAN","F","2018","8","2633490.7","329186.3375","227516.27","308758.372"
"NER","F","2018","6","2555166.75","425861.125","405000.04","365913.8549"
"NYC","D","2018","11","2522792.81","229344.8009","120230","188694.4893"
"SJE","F","2018","7","2446166.71","349452.3871","330000","262031.5005"
"SJE","D","2018","10","2437933.81","243793.381","200325","194142.6645"
"VAN","M","2018","11","2395955.09","217814.0991","116471.59","213816.2426"
"LAFC","D","2018","9","2305275.59","256141.7322","169999.96","201652.854"
"SKC","F","2018","8","2285627.87","285703.4838","101124.5","342311.2415"
"FCD","F","2018","9","2217525.08","246391.6756","168750.04","256566.9872"
"RSL","D","2018","10","2125237.29","212523.729","131439.5","194969.9877"
"HOU","M","2018","11","2100272.4","190933.8545","165000","133458.5805"
"HOU","D","2018","12","2063777.19","171981.4325","138839.585","112365.1623"
"ATL","D","2018","9","2045434.21","227270.4678","175008","192446.8243"
"CLB","D","2018","8","2040004.24","255000.53","147502.02","274610.5479"
"NYRB","F","2018","5","1942348.61","388469.722","69921.57","697188.5662"
"CIN","F","2018","1","1933333.33","1933333.33","1933333.33",""
"DCU","D","2018","11","1925160.25","175014.5682","133125","140619.3068"
"COL","D","2018","9","1858241.96","206471.3289","89500","223013.2352"
"ORL","F","2018","4","1750416.58","437604.145","141041.645","631983.4409"
"NER","M","2018","8","1722781.25","215347.6562","164687.5","154711.7112"
"MIN","D","2018","10","1711657.72","171165.772","123000.985","143785.339"
"MTL","F","2018","7","1692616.86","241802.4086","155000.04","237485.5121"
"NYRB","D","2018","12","1617273.52","134772.7933","102344.5","115233.5123"
"CHI","D","2018","10","1613640.04","161364.004","117070","155394.1465"
"HOU","F","2018","4","1392168.08","348042.02","258414.04","202204.2769"
"CLB","F","2018","6","1346796.04","224466.0067","147525","210035.4219"
"PHI","D","2018","10","1186922.08","118692.208","114931.25","58378.7639"
"ATL","GK","2018","3","861516","287172","94008","357772.0513"
"DCU","GK","2018","4","661247.96","165311.99","111587.5","138204.5532"
"PHI","GK","2018","3","659904.2","219968.0667","104250","243728.9493"
"NYRB","GK","2018","3","640654.28","213551.4267","125000","216228.8465"
"RSL","GK","2018","4","617866.46","154466.615","70431.25","178862.5804"
"HOU","GK","2018","5","464254","92850.8","67500","47537.3135"
"NYC","GK","2018","4","458423.07","114605.7675","76957.515","91123.7377"
"TOR","GK","2018","3","452812.7","150937.5667","164000","77733.8861"
"MTL","GK","2018","5","448798.41","89759.682","84083.33","42387.8293"
"POR","GK","2018","4","434816.63","108704.1575","124583.315","35464.6887"
"SKC","GK","2018","3","430266.25","143422.0833","57949.58","150038.6188"
"VAN","GK","2018","4","420316.74","105079.185","101627.1","52006.141"
"FCD","GK","2018","3","401500","133833.3333","122500","72665.9021"
"SEA","GK","2018","3","397500.08","132500.0267","67500","112583.3487"
"LAG","GK","2018","3","397000.08","132333.36","67500","123723.8293"
"ORL","GK","2018","4","392333.4","98083.35","67875","60667.7302"
"","D","2018","3","367007.92","122335.9733","119499.92","51312.8143"
"LAFC","GK","2018","4","351415.15","87853.7875","68207.535","39769.7899"
"CLB","GK","2018","4","347256.04","86814.01","73878","40190.5485"
"MIN","GK","2018","3","345029.28","115009.76","107500.08","63444.6141"
"SJE","GK","2018","3","302254.2","100751.4","102000","31891.2371"
"CHI","GK","2018","3","255654.28","85218.0933","67500","41373.5476"
"NER","GK","2018","3","252283.69","84094.5633","73828.13","23476.5024"
"CIN","M","2018","1","124242.5","124242.5","124242.5",""
"","GK","2018","1","67500","67500","67500",""
"TOR","M","2019","13","12842534.52","987887.2708","138500","1940434.3434"
"CHI","M","2019","14","11359631.7","811402.2643","124800","1516250.9977"
"LAFC","M","2019","10","9734394.25","973439.425","144113.585","1923494.442"
"","F","2019","2","8773749.96","4386874.98","4386874.98","2988410.0623"
"LAG","F","2019","4","8554528.28","2138632.07","639062.5","3415501.547"
"POR","M","2019","12","8494391.49","707865.9575","248625.02","966401.5756"
"MTL","M","2019","13","7757320.77","596716.9823","120000.08","1214196.0147"
"TOR","F","2019","6","7138252.08","1189708.68","175746","2520222.2665"
"SKC","M","2019","13","6879774.26","529213.4046","360000","514898.6917"
"LAG","M","2019","13","6852651.51","527127.0392","261000","663610.8056"
"ORL","M","2019","10","6802039.45","680203.945","470502","733605.3798"
"MIN","M","2019","12","6275330.08","522944.1733","371163","482754.305"
"SEA","M","2019","9","5923912.31","658212.4789","528670.67","780268.7602"
"ATL","M","2019","15","5793653.88","386243.592","134999.96","417913.4014"
"PHI","M","2019","11","5771905.2","524718.6545","173666.63","689092.6038"
"RSL","M","2019","12","5713622.25","476135.1875","229501.98","580401.7114"
"NYC","M","2019","11","5529570.19","502688.1991","274833.37","586350.9302"
"CLB","M","2019","12","5234808.96","436234.08","265950","405607.9057"
"CIN","M","2019","13","4723761.35","363366.2577","270000","404290.1326"
"SKC","D","2019","11","4364768.46","396797.1327","240000","362839.007"
"NER","M","2019","10","4247476.99","424747.699","139604.28","699641.4723"
"SJE","M","2019","10","4152567.48","415256.748","220000.02","472585.169"
"SEA","D","2019","11","4147189.45","377017.2227","500850","297052.4391"
"FCD","M","2019","12","4106354.28","342196.19","240500.04","228971.013"
"TOR","D","2019","12","4069642.46","339136.8717","286814.5","323347.5383"
"NYRB","M","2019","15","4064167.74","270944.516","118749.92","272594.3467"
"RSL","D","2019","11","3977253.69","361568.5173","242587.33","320723.747"
"DCU","M","2019","10","3942049.86","394204.986","279274.93","258183.819"
"LAG","D","2019","11","3912324.86","355665.8964","157333.4","349963.9296"
"HOU","D","2019","14","3815179.02","272512.7871","242499.98","287899.9802"
"DCU","F","2019","4","3784118.41","946029.6025","103184.165","1707857.8865"
"ORL","D","2019","13","3685070.18","283466.9369","159999.96","257134.6712"
"NER","F","2019","6","3661625","610270.8333","385375.02","759341.2725"
"SJE","D","2019","13","3657604.24","281354.1723","281999.96","197706.3312"
"FCD","D","2019","10","3621439.45","362143.945","144000","361101.1709"
"CLB","D","2019","12","3589658.64","299138.22","268150.04","219402.8825"
"CIN","D","2019","15","3562239.32","237482.6213","189999.96","215451.395"
"ATL","F","2019","6","3556489.33","592748.2217","104325","1208604.9219"
"NYC","D","2019","12","3483791.67","290315.9725","182500.02","232748.2077"
"VAN","M","2019","9","3336213.7","370690.4111","396875","269937.8274"
"MTL","D","2019","14","3279470.47","234247.8907","144892.19","229629.2057"
"DCU","D","2019","13","3208780.62","246829.2785","159500.04","207928.2119"
"POR","D","2019","9","3206799.97","356311.1078","170004","290497.1739"
"SEA","F","2019","6","3204187.45","534031.2417","222041.685","750787.5812"
"VAN","D","2019","13","3087262.17","237481.7054","124125","328978.0935"
"LAFC","D","2019","13","2995275.62","230405.8169","200000.04","166651.3291"
"ATL","D","2019","11","2961613.68","269237.6073","225000","200003.6619"
"NER","D","2019","8","2904404.85","363050.6063","322114.98","288697.5393"
"LAFC","F","2019","5","2883133.41","576626.682","666250","440029.728"
"COL","D","2019","13","2866916.25","220532.0192","92496","229637.4162"
"MTL","F","2019","3","2778448.64","926149.5467","1071000","690219.4103"
"CHI","D","2019","9","2763208.37","307023.1522","146625.04","293396.8149"
"COL","GK","2019","3","2686068.12","895356.04","138707.24","1368413.9857"
"CIN","F","2019","4","2618516.71","654629.1775","296924.98","899353.8323"
"MIN","D","2019","11","2585764.82","235069.5291","151531.33","203140.4174"
"NYRB","D","2019","9","2520453.89","280050.4322","132749.85","298472.787"
"HOU","M","2019","9","2460562.01","273395.7789","165000","232125.2093"
"VAN","F","2019","6","2408070.45","401345.075","290215.185","363025.0691"
"","M","2019","3","2396340.33","798780.11","396990.33","754146.9526"
"CHI","F","2019","2","2388333.45","1194166.725","1194166.725","1017055.223"
"CLB","F","2019","6","2203729.35","367288.225","143704.355","544572.8128"
"HOU","F","2019","3","2161299.92","720433.3067","666250","499732.9273"
"SJE","F","2019","4","2146141.75","536535.4375","639458.355","330139.9786"
"COL","M","2019","8","1862285.08","232785.635","194231.04","141990.2941"
"ORL","F","2019","4","1846364.58","461591.145","133124.98","695139.0701"
"NYRB","F","2019","4","1799725.04","449931.26","181737.52","631103.6088"
"PHI","D","2019","11","1690125.32","153647.7564","124100.04","93540.9295"
"FCD","F","2019","7","1675400.32","239342.9029","113000.04","220190.7543"
"PHI","F","2019","4","1621053.7","405263.425","436416.665","275705.2593"
"COL","F","2019","5","1575974.96","315194.992","320000.04","276405.1998"
"SKC","F","2019","3","1327666.59","442555.53","181249.96","540148.0241"
"MIN","F","2019","3","1035187.58","345062.5267","188000","278997.0851"
"RSL","F","2019","5","1030258.08","206051.616","70008","313910.5296"
"POR","F","2019","3","995224.96","331741.6533","237999.96","331482.3584"
"PHI","GK","2019","4","920079.08","230019.77","146212.5","215764.9471"
"ATL","GK","2019","3","910262.04","303420.68","100008","378384.8973"
"CLB","GK","2019","5","887583.33","177516.666","144000","127469.2745"
"MIN","GK","2019","3","860628.13","286876.0433","191874.96","272347.6124"
"CHI","GK","2019","5","809682.47","161936.494","150996","118203.7761"
"NYC","F","2019","1","788750.04","788750.04","788750.04",""
"DCU","GK","2019","3","726078.37","242026.1233","165000","217440.7439"
"NYRB","GK","2019","3","697250.12","232416.7067","137000","225556.6114"
"SJE","GK","2019","4","663666.96","165916.74","178500.02","72930.8322"
"NYC","GK","2019","4","613474.92","153368.73","78612.48","165681.2741"
"","D","2019","3","592625.04","197541.68","121125","178241.059"
"TOR","GK","2019","3","568129.12","189376.3733","115254.08","168286.3138"
"RSL","GK","2019","4","564487.58","141121.895","85868.77","121759.707"
"POR","GK","2019","4","557500.04","139375.01","150000.02","49986.8422"
"MTL","GK","2019","4","533356.83","133339.2075","84220.02","108355.1704"
"CIN","GK","2019","4","516013.63","129003.4075","65662.815","133120.7145"
"LAG","GK","2019","3","502475.04","167491.68","70250.04","179825.4433"
"SKC","GK","2019","3","485624.29","161874.7633","73699.58","155720.8389"
"SEA","GK","2019","3","473375.08","157791.6933","70875","155659.7478"
"FCD","GK","2019","3","429875.04","143291.68","127500.04","81468.5803"
"VAN","GK","2019","4","420583.33","105145.8325","82166.685","57888.41"
"HOU","GK","2019","3","397558.29","132519.43","167499.96","65261.3944"
"ORL","GK","2019","4","310000.08","77500.02","70875","13669.855"
"NER","GK","2019","3","269710.4","89903.4667","77519.52","22833.3468"
"LAFC","GK","2019","3","238815","79605","77565","24438.9408"
"MIA","M","2019","1","170833.33","170833.33","170833.33",""
"NSH","F","2019","2","169690.71","84845.355","84845.355","9587.9225"
"HOU","","2019","1","70250.04","70250.04","70250.04",""
"MIA","F","2019","1","70250.04","70250.04","70250.04",""
"","GK","2019","1","70250.04","70250.04","70250.04",""